mean,median,var,std_value,quantile1,quantile3,CI_left,CI_right
55.57142857142857,51.0,533.9390476190475,23.107121145202132,40.0,64.0,53.72698397297709,57.41587316988005
